{
  "mae": 27.872922861077488,
  "rmse": 111.67385461401113,
  "mape": 10.811280658234557
}