{
    "performance": {
        "mae": 30.621736355239776,
        "rmse": 39.64943826929505,
        "mape": 10.844728255546686,
        "direction_accuracy": 55.932203389830505
    },
    "risk": {
        "var_normal": -9.37657975245333,
        "var_t": -11.486895531626457,
        "es": -0.08936041189210414
    }
}